Image_Name,Instrument,Question,Answer
bihudhol1.jpg,Bihudhol,In which festival is this instrument used?,"Used during Rongali or Bohag Bihu, the spring festival of Assam."
bihudhol1.jpg,Bihudhol,Where did this instrument originate?,Originated in the Brahmaputra valley of Assam.
bihudhol1.jpg,Bihudhol,What material is this instrument made of?,Made of wood and animal skin.
bihudhol1.jpg,Bihudhol,What are the parts of this instrument?,"Main parts: wooden barrel body, two leather drum heads, and carrying strap."
bihudhol1.jpg,Bihudhol,What sound does this instrument produce?,"Produces a deep, resonant booming sound."
bihudhol1.jpg,Bihudhol,Which gender usually plays this instrument?,Traditionally played by men.
bihudhol1.jpg,Bihudhol,What is the interaction region of this instrument?,Played by striking both drum heads with hands and a stick.
bihudhol1.jpg,Bihudhol,What type of instrument is this?,A double-headed barrel-shaped percussion instrument.
bihudhol1.jpg,Bihudhol,"Give a detailed description of this instrument including its origin, cultural significance, and role in Assamese music?","The Dhol is a double-headed barrel drum and the primary rhythm instrument of Assamese folk music. Originating in the Brahmaputra valley, it is crafted from wood and animal skin and holds central significance in Rongali Bihu celebrations. Its deep, booming beats accompany Bihu dance performances and are considered the heartbeat of Assamese cultural gatherings. It is exclusively played by men during festivals and community events."
pepa1.jpg,Pepa,In which festival is this instrument used?,"Used during Rongali or Bohag Bihu, the spring festival of Assam."
pepa1.jpg,Pepa,Where did this instrument originate?,Originated in the plains of Assam.
pepa1.jpg,Pepa,What material is this instrument made of?,Made of buffalo horn and reed.
pepa1.jpg,Pepa,What are the parts of this instrument?,"Main parts: buffalo horn body, reed and mouthpiece opening."
pepa1.jpg,Pepa,What sound does this instrument produce?,"Produces a sharp, nasal, piercing sound."
pepa1.jpg,Pepa,Which gender usually plays this instrument?,Traditionally played by men.
pepa1.jpg,Pepa,What is the interaction region of this instrument?,Played by blowing air through the mouthpiece.
pepa1.jpg,Pepa,What type of instrument is this?,A free-reed wind instrument made from natural horn.
pepa1.jpg,Pepa,"Give a detailed description of this instrument including its origin, cultural significance, and role in Assamese music?","The Pepa is a traditional Assamese wind instrument crafted from the horn of a male buffalo fitted with a small reed made from bamboo, cane, or wood. Originating in the plains of Assam, it is inseparable from Rongali Bihu celebrations and is recognized as one of the most iconic symbols of Assamese folk culture. Its sharp, nasal tone accompanies Bihu dance performances. It is traditionally played by young men during Bihu festivities."
gogona1.jpg,Gogona,In which festival is this instrument used?,"Used during Rongali or Bohag Bihu, the spring festival of Assam."
gogona1.jpg,Gogona,Where did this instrument originate?,Originated in the tribal communities of Assam.
gogona1.jpg,Gogona,What material is this instrument made of?,Made of bamboo.
gogona1.jpg,Gogona,What are the parts of this instrument?,"Main parts: frame, vibrating tongue, and plucking end."
gogona1.jpg,Gogona,What sound does this instrument produce?,"Produces a soft, twangy, vibrating sound."
gogona1.jpg,Gogona,Which gender usually plays this instrument?,Traditionally played by young women.
gogona1.jpg,Gogona,What is the interaction region of this instrument?,Played by plucking the vibrating tongue near the mouth.
gogona1.jpg,Gogona,What type of instrument is this?,A mouth-resonated plucked idiophone instrument.
gogona1.jpg,Gogona,"Give a detailed description of this instrument including its origin, cultural significance, and role in Assamese music?","The Gogona is a small mouth-resonated plucked idiophone traditionally made from bamboo and associated with the tribal communities of Assam. It is played by holding the frame near the mouth and plucking the vibrating tongue, using the oral cavity as a resonance chamber to amplify and shape its soft, twangy sound. The Gogona is one of the few Assamese instruments traditionally played by young women during Rongali Bihu. Its unique playing technique make it one of the most culturally distinctive instruments of Assam."
toka1.jpg,Toka,In which festival is this instrument used?,"Used during Rongali or Bohag Bihu, the spring festival of Assam."
toka1.jpg,Toka,Where did this instrument originate?,Originated in the rural communities of Assam.
toka1.jpg,Toka,What material is this instrument made of?,Made of bamboo.
toka1.jpg,Toka,What are the parts of this instrument?,"Main parts: two bamboo pieces, hinged joint, and striking ends."
toka1.jpg,Toka,What sound does this instrument produce?,"Produces a sharp, dry clicking sound."
toka1.jpg,Toka,Which gender usually plays this instrument?,Traditionally played by both men and women.
toka1.jpg,Toka,What is the interaction region of this instrument?,Played by clapping the two bamboo pieces against each other.
toka1.jpg,Toka,What type of instrument is this?,A bamboo clapper percussion instrument.
toka1.jpg,Toka,"Give a detailed description of this instrument including its origin, cultural significance, and role in Assamese music?","The Toka is a traditional Assamese percussion instrument made entirely from bamboo, consisting of two pieces joined and clapped together rhythmically. Originating in the rural communities of Assam, it is a commonly used folk instrument used during Rongali Bihu celebrations. Its sharp, dry clicking sound provides rhythmic accompaniment that complements heavier instruments like the Dhol. Toka is played by both men and women, making it an inclusive instrument in Assamese folk music."
khutitaal1.jpg,Khutitaal,In which festival is this instrument used?,"Used during Rongali or Bohag Bihu, the spring festival of Assam."
khutitaal1.jpg,Khutitaal,Where did this instrument originate?,Originated in the Brahmaputra valley of Assam.
khutitaal1.jpg,Khutitaal,What material is this instrument made of?,Made of bell metal (brass alloy).
khutitaal1.jpg,Khutitaal,What are the parts of this instrument?,Main parts: two small cymbal discs and connecting cord.
khutitaal1.jpg,Khutitaal,What sound does this instrument produce?,"Produces a bright, high-pitched ringing sound."
khutitaal1.jpg,Khutitaal,Which gender usually plays this instrument?,Traditionally played by both men and women.
khutitaal1.jpg,Khutitaal,What is the interaction region of this instrument?,Played by striking the two metal discs against each other.
khutitaal1.jpg,Khutitaal,What type of instrument is this?,A small paired metal cymbal percussion instrument.
khutitaal1.jpg,Khutitaal,"Give a detailed description of this instrument including its origin, cultural significance, and role in Assamese music?","The Khuti-Taal is a small paired cymbal instrument made of bell metal, a brass alloy traditionally crafted in the Brahmaputra valley of Assam. It consists of two small metal discs connected by a cord and struck together to produce a bright, high-pitched ringing sound that provides rhythmic accompaniment during Bihu performances. The Khuti-Taal is traditionally played by women and is commonly used alongside the Dhol and Pepa during Rongali Bihu performances. Its metallic timbre and compact size make it an important rhythm-keeping instrument in Assamese folk music."
bahi1.jpg,Bahi,In which festival is this instrument used?,"Used during Rongali or Bohag Bihu, the spring festival of Assam."
bahi1.jpg,Bahi,Where did this instrument originate?,Originated in the rural communities of Assam.
bahi1.jpg,Bahi,What material is this instrument made of?,Made of bamboo.
bahi1.jpg,Bahi,What are the parts of this instrument?,"Main parts: bamboo tube body, blow hole, and finger holes."
bahi1.jpg,Bahi,What sound does this instrument produce?,"Produces a soft, melodic, flute-like sound."
bahi1.jpg,Bahi,Which gender usually plays this instrument?,Traditionally played by men.
bahi1.jpg,Bahi,What is the interaction region of this instrument?,Played by blowing air across the blow hole and covering finger holes.
bahi1.jpg,Bahi,What type of instrument is this?,A transverse bamboo flute instrument.
bahi1.jpg,Bahi,"Give a detailed description of this instrument including its origin, cultural significance, and role in Assamese music?","The Bahi is a traditional Assamese transverse flute made entirely from bamboo, played by blowing air across a side blow hole while controlling pitch through finger holes along the tube. Originating in the rural communities of Assam, it is one of the oldest melodic instruments in Assamese folk music and is prominently used during Rongali Bihu celebrations. Unlike the rhythm-keeping instruments of the Bihu ensemble, the Bahi carries the melodic layer with its soft, flute-like tone. It is traditionally played by men and is closely associated with pastoral and folk music traditions of Assam."
xutuli1.jpg,Xutuli,In which festival is this instrument used?,"Used during Rongali or Bohag Bihu, the spring festival of Assam."
xutuli1.jpg,Xutuli,Where did this instrument originate?,Originated in the rural communities of Assam.
xutuli1.jpg,Xutuli,What material is this instrument made of?,Made of bamboo or baked clay.
xutuli1.jpg,Xutuli,What are the parts of this instrument?,"Main parts: hollow body, blow end, and finger holes."
xutuli1.jpg,Xutuli,What sound does this instrument produce?,"Produces a high-pitched, sharp whistling sound."
xutuli1.jpg,Xutuli,Which gender usually plays this instrument?,Traditionally played by both men and women.
xutuli1.jpg,Xutuli,What is the interaction region of this instrument?,Played by blowing air into the blow end and covering finger holes.
xutuli1.jpg,Xutuli,What type of instrument is this?,A small conical end-blown wind instrument.
xutuli1.jpg,Xutuli,"Give a detailed description of this instrument including its origin, cultural significance, and role in Assamese music?","The Xutuli is a small conical end-blown wind instrument traditionally made from bamboo or clay in the rural communities of Assam. It is played by blowing air directly into one end, producing a distinctly high-pitched, sharp whistling tone. It is an important traditional wind instrument in Assamese folk music. Its compact size and traditional use make it popular during Bihu celebrations.."
bihudhol2.jpg,Bihudhol,In which festival is this instrument used?,"Used during Rongali or Bohag Bihu, the spring festival of Assam."
bihudhol2.jpg,Bihudhol,Where did this instrument originate?,Originated in the Brahmaputra valley of Assam.
bihudhol2.jpg,Bihudhol,What material is this instrument made of?,Made of wood and animal skin.
bihudhol2.jpg,Bihudhol,What are the parts of this instrument?,"Main parts: wooden barrel body, two leather drum heads, and carrying strap."
bihudhol2.jpg,Bihudhol,What sound does this instrument produce?,"Produces a deep, resonant booming sound."
bihudhol2.jpg,Bihudhol,Which gender usually plays this instrument?,Traditionally played by men.
bihudhol2.jpg,Bihudhol,What is the interaction region of this instrument?,Played by striking both drum heads with hands and a stick.
bihudhol2.jpg,Bihudhol,What type of instrument is this?,A double-headed barrel-shaped percussion instrument.
bihudhol2.jpg,Bihudhol,"Give a detailed description of this instrument including its origin, cultural significance, and role in Assamese music?","The Dhol is a double-headed barrel drum and the primary rhythm instrument of Assamese folk music. Originating in the Brahmaputra valley, it is crafted from wood and animal skin and holds central significance in Rongali Bihu celebrations. Its deep, booming beats accompany Bihu dance performances and are considered the heartbeat of Assamese cultural gatherings. It is exclusively played by men during festivals and community events."
bihudhol3.jpg,Bihudhol,In which festival is this instrument used?,"Used during Rongali or Bohag Bihu, the spring festival of Assam."
bihudhol3.jpg,Bihudhol,Where did this instrument originate?,Originated in the Brahmaputra valley of Assam.
bihudhol3.jpg,Bihudhol,What material is this instrument made of?,Made of wood and animal skin.
bihudhol3.jpg,Bihudhol,What are the parts of this instrument?,"Main parts: wooden barrel body, two leather drum heads, and carrying strap."
bihudhol3.jpg,Bihudhol,What sound does this instrument produce?,"Produces a deep, resonant booming sound."
bihudhol3.jpg,Bihudhol,Which gender usually plays this instrument?,Traditionally played by men.
bihudhol3.jpg,Bihudhol,What is the interaction region of this instrument?,Played by striking both drum heads with hands and a stick.
bihudhol3.jpg,Bihudhol,What type of instrument is this?,A double-headed barrel-shaped percussion instrument.
bihudhol3.jpg,Bihudhol,"Give a detailed description of this instrument including its origin, cultural significance, and role in Assamese music?","The Dhol is a double-headed barrel drum and the primary rhythm instrument of Assamese folk music. Originating in the Brahmaputra valley, it is crafted from wood and animal skin and holds central significance in Rongali Bihu celebrations. Its deep, booming beats accompany Bihu dance performances and are considered the heartbeat of Assamese cultural gatherings. It is exclusively played by men during festivals and community events."
bihudhol4.jpg,Bihudhol,In which festival is this instrument used?,"Used during Rongali or Bohag Bihu, the spring festival of Assam."
bihudhol4.jpg,Bihudhol,Where did this instrument originate?,Originated in the Brahmaputra valley of Assam.
bihudhol4.jpg,Bihudhol,What material is this instrument made of?,Made of wood and animal skin.
bihudhol4.jpg,Bihudhol,What are the parts of this instrument?,"Main parts: wooden barrel body, two leather drum heads, and carrying strap."
bihudhol4.jpg,Bihudhol,What sound does this instrument produce?,"Produces a deep, resonant booming sound."
bihudhol4.jpg,Bihudhol,Which gender usually plays this instrument?,Traditionally played by men.
bihudhol4.jpg,Bihudhol,What is the interaction region of this instrument?,Played by striking both drum heads with hands and a stick.
bihudhol4.jpg,Bihudhol,What type of instrument is this?,A double-headed barrel-shaped percussion instrument.
bihudhol4.jpg,Bihudhol,"Give a detailed description of this instrument including its origin, cultural significance, and role in Assamese music?","The Dhol is a double-headed barrel drum and the primary rhythm instrument of Assamese folk music. Originating in the Brahmaputra valley, it is crafted from wood and animal skin and holds central significance in Rongali Bihu celebrations. Its deep, booming beats accompany Bihu dance performances and are considered the heartbeat of Assamese cultural gatherings. It is exclusively played by men during festivals and community events."
bihudhol5.jpg,Bihudhol,In which festival is this instrument used?,"Used during Rongali or Bohag Bihu, the spring festival of Assam."
bihudhol5.jpg,Bihudhol,Where did this instrument originate?,Originated in the Brahmaputra valley of Assam.
bihudhol5.jpg,Bihudhol,What material is this instrument made of?,Made of wood and animal skin.
bihudhol5.jpg,Bihudhol,What are the parts of this instrument?,"Main parts: wooden barrel body, two leather drum heads, and carrying strap."
bihudhol5.jpg,Bihudhol,What sound does this instrument produce?,"Produces a deep, resonant booming sound."
bihudhol5.jpg,Bihudhol,Which gender usually plays this instrument?,Traditionally played by men.
bihudhol5.jpg,Bihudhol,What is the interaction region of this instrument?,Played by striking both drum heads with hands and a stick.
bihudhol5.jpg,Bihudhol,What type of instrument is this?,A double-headed barrel-shaped percussion instrument.
bihudhol5.jpg,Bihudhol,"Give a detailed description of this instrument including its origin, cultural significance, and role in Assamese music?","The Dhol is a double-headed barrel drum and the primary rhythm instrument of Assamese folk music. Originating in the Brahmaputra valley, it is crafted from wood and animal skin and holds central significance in Rongali Bihu celebrations. Its deep, booming beats accompany Bihu dance performances and are considered the heartbeat of Assamese cultural gatherings. It is exclusively played by men during festivals and community events."
bihudhol6.jpg,Bihudhol,In which festival is this instrument used?,"Used during Rongali or Bohag Bihu, the spring festival of Assam."
bihudhol6.jpg,Bihudhol,Where did this instrument originate?,Originated in the Brahmaputra valley of Assam.
bihudhol6.jpg,Bihudhol,What material is this instrument made of?,Made of wood and animal skin.
bihudhol6.jpg,Bihudhol,What are the parts of this instrument?,"Main parts: wooden barrel body, two leather drum heads, and carrying strap."
bihudhol6.jpg,Bihudhol,What sound does this instrument produce?,"Produces a deep, resonant booming sound."
bihudhol6.jpg,Bihudhol,Which gender usually plays this instrument?,Traditionally played by men.
bihudhol6.jpg,Bihudhol,What is the interaction region of this instrument?,Played by striking both drum heads with hands and a stick.
bihudhol6.jpg,Bihudhol,What type of instrument is this?,A double-headed barrel-shaped percussion instrument.
bihudhol6.jpg,Bihudhol,"Give a detailed description of this instrument including its origin, cultural significance, and role in Assamese music?","The Dhol is a double-headed barrel drum and the primary rhythm instrument of Assamese folk music. Originating in the Brahmaputra valley, it is crafted from wood and animal skin and holds central significance in Rongali Bihu celebrations. Its deep, booming beats accompany Bihu dance performances and are considered the heartbeat of Assamese cultural gatherings. It is exclusively played by men during festivals and community events."
bihudhol7.jpg,Bihudhol,In which festival is this instrument used?,"Used during Rongali or Bohag Bihu, the spring festival of Assam."
bihudhol7.jpg,Bihudhol,Where did this instrument originate?,Originated in the Brahmaputra valley of Assam.
bihudhol7.jpg,Bihudhol,What material is this instrument made of?,Made of wood and animal skin.
bihudhol7.jpg,Bihudhol,What are the parts of this instrument?,"Main parts: wooden barrel body, two leather drum heads, and carrying strap."
bihudhol7.jpg,Bihudhol,What sound does this instrument produce?,"Produces a deep, resonant booming sound."
bihudhol7.jpg,Bihudhol,Which gender usually plays this instrument?,Traditionally played by men.
bihudhol7.jpg,Bihudhol,What is the interaction region of this instrument?,Played by striking both drum heads with hands and a stick.
bihudhol7.jpg,Bihudhol,What type of instrument is this?,A double-headed barrel-shaped percussion instrument.
bihudhol7.jpg,Bihudhol,"Give a detailed description of this instrument including its origin, cultural significance, and role in Assamese music?","The Dhol is a double-headed barrel drum and the primary rhythm instrument of Assamese folk music. Originating in the Brahmaputra valley, it is crafted from wood and animal skin and holds central significance in Rongali Bihu celebrations. Its deep, booming beats accompany Bihu dance performances and are considered the heartbeat of Assamese cultural gatherings. It is exclusively played by men during festivals and community events."
bihudhol8.jpg,Bihudhol,In which festival is this instrument used?,"Used during Rongali or Bohag Bihu, the spring festival of Assam."
bihudhol8.jpg,Bihudhol,Where did this instrument originate?,Originated in the Brahmaputra valley of Assam.
bihudhol8.jpg,Bihudhol,What material is this instrument made of?,Made of wood and animal skin.
bihudhol8.jpg,Bihudhol,What are the parts of this instrument?,"Main parts: wooden barrel body, two leather drum heads, and carrying strap."
bihudhol8.jpg,Bihudhol,What sound does this instrument produce?,"Produces a deep, resonant booming sound."
bihudhol8.jpg,Bihudhol,Which gender usually plays this instrument?,Traditionally played by men.
bihudhol8.jpg,Bihudhol,What is the interaction region of this instrument?,Played by striking both drum heads with hands and a stick.
bihudhol8.jpg,Bihudhol,What type of instrument is this?,A double-headed barrel-shaped percussion instrument.
bihudhol8.jpg,Bihudhol,"Give a detailed description of this instrument including its origin, cultural significance, and role in Assamese music?","The Dhol is a double-headed barrel drum and the primary rhythm instrument of Assamese folk music. Originating in the Brahmaputra valley, it is crafted from wood and animal skin and holds central significance in Rongali Bihu celebrations. Its deep, booming beats accompany Bihu dance performances and are considered the heartbeat of Assamese cultural gatherings. It is exclusively played by men during festivals and community events."
bihudhol9.jpg,Bihudhol,In which festival is this instrument used?,"Used during Rongali or Bohag Bihu, the spring festival of Assam."
bihudhol9.jpg,Bihudhol,Where did this instrument originate?,Originated in the Brahmaputra valley of Assam.
bihudhol9.jpg,Bihudhol,What material is this instrument made of?,Made of wood and animal skin.
bihudhol9.jpg,Bihudhol,What are the parts of this instrument?,"Main parts: wooden barrel body, two leather drum heads, and carrying strap."
bihudhol9.jpg,Bihudhol,What sound does this instrument produce?,"Produces a deep, resonant booming sound."
bihudhol9.jpg,Bihudhol,Which gender usually plays this instrument?,Traditionally played by men.
bihudhol9.jpg,Bihudhol,What is the interaction region of this instrument?,Played by striking both drum heads with hands and a stick.
bihudhol9.jpg,Bihudhol,What type of instrument is this?,A double-headed barrel-shaped percussion instrument.
bihudhol9.jpg,Bihudhol,"Give a detailed description of this instrument including its origin, cultural significance, and role in Assamese music?","The Dhol is a double-headed barrel drum and the primary rhythm instrument of Assamese folk music. Originating in the Brahmaputra valley, it is crafted from wood and animal skin and holds central significance in Rongali Bihu celebrations. Its deep, booming beats accompany Bihu dance performances and are considered the heartbeat of Assamese cultural gatherings. It is exclusively played by men during festivals and community events."
bihudhol10.jpg,Bihudhol,In which festival is this instrument used?,"Used during Rongali or Bohag Bihu, the spring festival of Assam."
bihudhol10.jpg,Bihudhol,Where did this instrument originate?,Originated in the Brahmaputra valley of Assam.
bihudhol10.jpg,Bihudhol,What material is this instrument made of?,Made of wood and animal skin.
bihudhol10.jpg,Bihudhol,What are the parts of this instrument?,"Main parts: wooden barrel body, two leather drum heads, and carrying strap."
bihudhol10.jpg,Bihudhol,What sound does this instrument produce?,"Produces a deep, resonant booming sound."
bihudhol10.jpg,Bihudhol,Which gender usually plays this instrument?,Traditionally played by men.
bihudhol10.jpg,Bihudhol,What is the interaction region of this instrument?,Played by striking both drum heads with hands and a stick.
bihudhol10.jpg,Bihudhol,What type of instrument is this?,A double-headed barrel-shaped percussion instrument.
bihudhol10.jpg,Bihudhol,"Give a detailed description of this instrument including its origin, cultural significance, and role in Assamese music?","The Dhol is a double-headed barrel drum and the primary rhythm instrument of Assamese folk music. Originating in the Brahmaputra valley, it is crafted from wood and animal skin and holds central significance in Rongali Bihu celebrations. Its deep, booming beats accompany Bihu dance performances and are considered the heartbeat of Assamese cultural gatherings. It is exclusively played by men during festivals and community events."
pepa2.jpg,Pepa,In which festival is this instrument used?,"Used during Rongali or Bohag Bihu, the spring festival of Assam."
pepa2.jpg,Pepa,Where did this instrument originate?,Originated in the plains of Assam.
pepa2.jpg,Pepa,What material is this instrument made of?,Made of buffalo horn and reed.
pepa2.jpg,Pepa,What are the parts of this instrument?,"Main parts: buffalo horn body, reed and mouthpiece opening."
pepa2.jpg,Pepa,What sound does this instrument produce?,"Produces a sharp, nasal, piercing sound."
pepa2.jpg,Pepa,Which gender usually plays this instrument?,Traditionally played by men.
pepa2.jpg,Pepa,What is the interaction region of this instrument?,Played by blowing air through the mouthpiece.
pepa2.jpg,Pepa,What type of instrument is this?,A free-reed wind instrument made from natural horn.
pepa2.jpg,Pepa,"Give a detailed description of this instrument including its origin, cultural significance, and role in Assamese music?","The Pepa is a traditional Assamese wind instrument crafted from the horn of a male buffalo fitted with a small reed made from bamboo, cane, or wood. Originating in the plains of Assam, it is inseparable from Rongali Bihu celebrations and is recognized as one of the most iconic symbols of Assamese folk culture. Its sharp, nasal tone accompanies Bihu dance performances. It is traditionally played by young men during Bihu festivities."
pepa3.jpg,Pepa,In which festival is this instrument used?,"Used during Rongali or Bohag Bihu, the spring festival of Assam."
pepa3.jpg,Pepa,Where did this instrument originate?,Originated in the plains of Assam.
pepa3.jpg,Pepa,What material is this instrument made of?,Made of buffalo horn and reed.
pepa3.jpg,Pepa,What are the parts of this instrument?,"Main parts: buffalo horn body, reed and mouthpiece opening."
pepa3.jpg,Pepa,What sound does this instrument produce?,"Produces a sharp, nasal, piercing sound."
pepa3.jpg,Pepa,Which gender usually plays this instrument?,Traditionally played by men.
pepa3.jpg,Pepa,What is the interaction region of this instrument?,Played by blowing air through the mouthpiece.
pepa3.jpg,Pepa,What type of instrument is this?,A free-reed wind instrument made from natural horn.
pepa3.jpg,Pepa,"Give a detailed description of this instrument including its origin, cultural significance, and role in Assamese music?","The Pepa is a traditional Assamese wind instrument crafted from the horn of a male buffalo fitted with a small reed made from bamboo, cane, or wood. Originating in the plains of Assam, it is inseparable from Rongali Bihu celebrations and is recognized as one of the most iconic symbols of Assamese folk culture. Its sharp, nasal tone accompanies Bihu dance performances. It is traditionally played by young men during Bihu festivities."
pepa4.jpg,Pepa,In which festival is this instrument used?,"Used during Rongali or Bohag Bihu, the spring festival of Assam."
pepa4.jpg,Pepa,Where did this instrument originate?,Originated in the plains of Assam.
pepa4.jpg,Pepa,What material is this instrument made of?,Made of buffalo horn and reed.
pepa4.jpg,Pepa,What are the parts of this instrument?,"Main parts: buffalo horn body, reed and mouthpiece opening."
pepa4.jpg,Pepa,What sound does this instrument produce?,"Produces a sharp, nasal, piercing sound."
pepa4.jpg,Pepa,Which gender usually plays this instrument?,Traditionally played by men.
pepa4.jpg,Pepa,What is the interaction region of this instrument?,Played by blowing air through the mouthpiece.
pepa4.jpg,Pepa,What type of instrument is this?,A free-reed wind instrument made from natural horn.
pepa4.jpg,Pepa,"Give a detailed description of this instrument including its origin, cultural significance, and role in Assamese music?","The Pepa is a traditional Assamese wind instrument crafted from the horn of a male buffalo fitted with a small reed made from bamboo, cane, or wood. Originating in the plains of Assam, it is inseparable from Rongali Bihu celebrations and is recognized as one of the most iconic symbols of Assamese folk culture. Its sharp, nasal tone accompanies Bihu dance performances. It is traditionally played by young men during Bihu festivities."
pepa5.jpg,Pepa,In which festival is this instrument used?,"Used during Rongali or Bohag Bihu, the spring festival of Assam."
pepa5.jpg,Pepa,Where did this instrument originate?,Originated in the plains of Assam.
pepa5.jpg,Pepa,What material is this instrument made of?,Made of buffalo horn and reed.
pepa5.jpg,Pepa,What are the parts of this instrument?,"Main parts: buffalo horn body, reed and mouthpiece opening."
pepa5.jpg,Pepa,What sound does this instrument produce?,"Produces a sharp, nasal, piercing sound."
pepa5.jpg,Pepa,Which gender usually plays this instrument?,Traditionally played by men.
pepa5.jpg,Pepa,What is the interaction region of this instrument?,Played by blowing air through the mouthpiece.
pepa5.jpg,Pepa,What type of instrument is this?,A free-reed wind instrument made from natural horn.
pepa5.jpg,Pepa,"Give a detailed description of this instrument including its origin, cultural significance, and role in Assamese music?","The Pepa is a traditional Assamese wind instrument crafted from the horn of a male buffalo fitted with a small reed made from bamboo, cane, or wood. Originating in the plains of Assam, it is inseparable from Rongali Bihu celebrations and is recognized as one of the most iconic symbols of Assamese folk culture. Its sharp, nasal tone accompanies Bihu dance performances. It is traditionally played by young men during Bihu festivities."
pepa6.jpg,Pepa,In which festival is this instrument used?,"Used during Rongali or Bohag Bihu, the spring festival of Assam."
pepa6.jpg,Pepa,Where did this instrument originate?,Originated in the plains of Assam.
pepa6.jpg,Pepa,What material is this instrument made of?,Made of buffalo horn and reed.
pepa6.jpg,Pepa,What are the parts of this instrument?,"Main parts: buffalo horn body, reed and mouthpiece opening."
pepa6.jpg,Pepa,What sound does this instrument produce?,"Produces a sharp, nasal, piercing sound."
pepa6.jpg,Pepa,Which gender usually plays this instrument?,Traditionally played by men.
pepa6.jpg,Pepa,What is the interaction region of this instrument?,Played by blowing air through the mouthpiece.
pepa6.jpg,Pepa,What type of instrument is this?,A free-reed wind instrument made from natural horn.
pepa6.jpg,Pepa,"Give a detailed description of this instrument including its origin, cultural significance, and role in Assamese music?","The Pepa is a traditional Assamese wind instrument crafted from the horn of a male buffalo fitted with a small reed made from bamboo, cane, or wood. Originating in the plains of Assam, it is inseparable from Rongali Bihu celebrations and is recognized as one of the most iconic symbols of Assamese folk culture. Its sharp, nasal tone accompanies Bihu dance performances. It is traditionally played by young men during Bihu festivities."
pepa7.jpg,Pepa,In which festival is this instrument used?,"Used during Rongali or Bohag Bihu, the spring festival of Assam."
pepa7.jpg,Pepa,Where did this instrument originate?,Originated in the plains of Assam.
pepa7.jpg,Pepa,What material is this instrument made of?,Made of buffalo horn and reed.
pepa7.jpg,Pepa,What are the parts of this instrument?,"Main parts: buffalo horn body, reed and mouthpiece opening."
pepa7.jpg,Pepa,What sound does this instrument produce?,"Produces a sharp, nasal, piercing sound."
pepa7.jpg,Pepa,Which gender usually plays this instrument?,Traditionally played by men.
pepa7.jpg,Pepa,What is the interaction region of this instrument?,Played by blowing air through the mouthpiece.
pepa7.jpg,Pepa,What type of instrument is this?,A free-reed wind instrument made from natural horn.
pepa7.jpg,Pepa,"Give a detailed description of this instrument including its origin, cultural significance, and role in Assamese music?","The Pepa is a traditional Assamese wind instrument crafted from the horn of a male buffalo fitted with a small reed made from bamboo, cane, or wood. Originating in the plains of Assam, it is inseparable from Rongali Bihu celebrations and is recognized as one of the most iconic symbols of Assamese folk culture. Its sharp, nasal tone accompanies Bihu dance performances. It is traditionally played by young men during Bihu festivities."
pepa8.jpg,Pepa,In which festival is this instrument used?,"Used during Rongali or Bohag Bihu, the spring festival of Assam."
pepa8.jpg,Pepa,Where did this instrument originate?,Originated in the plains of Assam.
pepa8.jpg,Pepa,What material is this instrument made of?,Made of buffalo horn and reed.
pepa8.jpg,Pepa,What are the parts of this instrument?,"Main parts: buffalo horn body, reed and mouthpiece opening."
pepa8.jpg,Pepa,What sound does this instrument produce?,"Produces a sharp, nasal, piercing sound."
pepa8.jpg,Pepa,Which gender usually plays this instrument?,Traditionally played by men.
pepa8.jpg,Pepa,What is the interaction region of this instrument?,Played by blowing air through the mouthpiece.
pepa8.jpg,Pepa,What type of instrument is this?,A free-reed wind instrument made from natural horn.
pepa8.jpg,Pepa,"Give a detailed description of this instrument including its origin, cultural significance, and role in Assamese music?","The Pepa is a traditional Assamese wind instrument crafted from the horn of a male buffalo fitted with a small reed made from bamboo, cane, or wood. Originating in the plains of Assam, it is inseparable from Rongali Bihu celebrations and is recognized as one of the most iconic symbols of Assamese folk culture. Its sharp, nasal tone accompanies Bihu dance performances. It is traditionally played by young men during Bihu festivities."
pepa9.jpg,Pepa,In which festival is this instrument used?,"Used during Rongali or Bohag Bihu, the spring festival of Assam."
pepa9.jpg,Pepa,Where did this instrument originate?,Originated in the plains of Assam.
pepa9.jpg,Pepa,What material is this instrument made of?,Made of buffalo horn and reed.
pepa9.jpg,Pepa,What are the parts of this instrument?,"Main parts: buffalo horn body, reed and mouthpiece opening."
pepa9.jpg,Pepa,What sound does this instrument produce?,"Produces a sharp, nasal, piercing sound."
pepa9.jpg,Pepa,Which gender usually plays this instrument?,Traditionally played by men.
pepa9.jpg,Pepa,What is the interaction region of this instrument?,Played by blowing air through the mouthpiece.
pepa9.jpg,Pepa,What type of instrument is this?,A free-reed wind instrument made from natural horn.
pepa9.jpg,Pepa,"Give a detailed description of this instrument including its origin, cultural significance, and role in Assamese music?","The Pepa is a traditional Assamese wind instrument crafted from the horn of a male buffalo fitted with a small reed made from bamboo, cane, or wood. Originating in the plains of Assam, it is inseparable from Rongali Bihu celebrations and is recognized as one of the most iconic symbols of Assamese folk culture. Its sharp, nasal tone accompanies Bihu dance performances. It is traditionally played by young men during Bihu festivities."
pepa10.jpg,Pepa,In which festival is this instrument used?,"Used during Rongali or Bohag Bihu, the spring festival of Assam."
pepa10.jpg,Pepa,Where did this instrument originate?,Originated in the plains of Assam.
pepa10.jpg,Pepa,What material is this instrument made of?,Made of buffalo horn and reed.
pepa10.jpg,Pepa,What are the parts of this instrument?,"Main parts: buffalo horn body, reed and mouthpiece opening."
pepa10.jpg,Pepa,What sound does this instrument produce?,"Produces a sharp, nasal, piercing sound."
pepa10.jpg,Pepa,Which gender usually plays this instrument?,Traditionally played by men.
pepa10.jpg,Pepa,What is the interaction region of this instrument?,Played by blowing air through the mouthpiece.
pepa10.jpg,Pepa,What type of instrument is this?,A free-reed wind instrument made from natural horn.
pepa10.jpg,Pepa,"Give a detailed description of this instrument including its origin, cultural significance, and role in Assamese music?","The Pepa is a traditional Assamese wind instrument crafted from the horn of a male buffalo fitted with a small reed made from bamboo, cane, or wood. Originating in the plains of Assam, it is inseparable from Rongali Bihu celebrations and is recognized as one of the most iconic symbols of Assamese folk culture. Its sharp, nasal tone accompanies Bihu dance performances. It is traditionally played by young men during Bihu festivities."
pepa11.jpg,Pepa,In which festival is this instrument used?,"Used during Rongali or Bohag Bihu, the spring festival of Assam."
pepa11.jpg,Pepa,Where did this instrument originate?,Originated in the plains of Assam.
pepa11.jpg,Pepa,What material is this instrument made of?,Made of buffalo horn and reed.
pepa11.jpg,Pepa,What are the parts of this instrument?,"Main parts: buffalo horn body, reed and mouthpiece opening."
pepa11.jpg,Pepa,What sound does this instrument produce?,"Produces a sharp, nasal, piercing sound."
pepa11.jpg,Pepa,Which gender usually plays this instrument?,Traditionally played by men.
pepa11.jpg,Pepa,What is the interaction region of this instrument?,Played by blowing air through the mouthpiece.
pepa11.jpg,Pepa,What type of instrument is this?,A free-reed wind instrument made from natural horn.
pepa11.jpg,Pepa,"Give a detailed description of this instrument including its origin, cultural significance, and role in Assamese music?","The Pepa is a traditional Assamese wind instrument crafted from the horn of a male buffalo fitted with a small reed made from bamboo, cane, or wood. Originating in the plains of Assam, it is inseparable from Rongali Bihu celebrations and is recognized as one of the most iconic symbols of Assamese folk culture. Its sharp, nasal tone accompanies Bihu dance performances. It is traditionally played by young men during Bihu festivities."
gogona2.jpg,Gogona,In which festival is this instrument used?,"Used during Rongali or Bohag Bihu, the spring festival of Assam."
gogona2.jpg,Gogona,Where did this instrument originate?,Originated in the tribal communities of Assam.
gogona2.jpg,Gogona,What material is this instrument made of?,Made of bamboo.
gogona2.jpg,Gogona,What are the parts of this instrument?,"Main parts: frame, vibrating tongue, and plucking end."
gogona2.jpg,Gogona,What sound does this instrument produce?,"Produces a soft, twangy, vibrating sound."
gogona2.jpg,Gogona,Which gender usually plays this instrument?,Traditionally played by young women.
gogona2.jpg,Gogona,What is the interaction region of this instrument?,Played by plucking the vibrating tongue near the mouth.
gogona2.jpg,Gogona,What type of instrument is this?,A mouth-resonated plucked idiophone instrument.
gogona2.jpg,Gogona,"Give a detailed description of this instrument including its origin, cultural significance, and role in Assamese music?","The Gogona is a small mouth-resonated plucked idiophone traditionally made from bamboo and associated with the tribal communities of Assam. It is played by holding the frame near the mouth and plucking the vibrating tongue, using the oral cavity as a resonance chamber to amplify and shape its soft, twangy sound. The Gogona is one of the few Assamese instruments traditionally played by young women during Rongali Bihu. Its unique playing technique make it one of the most culturally distinctive instruments of Assam."
gogona3.jpg,Gogona,In which festival is this instrument used?,"Used during Rongali or Bohag Bihu, the spring festival of Assam."
gogona3.jpg,Gogona,Where did this instrument originate?,Originated in the tribal communities of Assam.
gogona3.jpg,Gogona,What material is this instrument made of?,Made of bamboo.
gogona3.jpg,Gogona,What are the parts of this instrument?,"Main parts: frame, vibrating tongue, and plucking end."
gogona3.jpg,Gogona,What sound does this instrument produce?,"Produces a soft, twangy, vibrating sound."
gogona3.jpg,Gogona,Which gender usually plays this instrument?,Traditionally played by young women.
gogona3.jpg,Gogona,What is the interaction region of this instrument?,Played by plucking the vibrating tongue near the mouth.
gogona3.jpg,Gogona,What type of instrument is this?,A mouth-resonated plucked idiophone instrument.
gogona3.jpg,Gogona,"Give a detailed description of this instrument including its origin, cultural significance, and role in Assamese music?","The Gogona is a small mouth-resonated plucked idiophone traditionally made from bamboo and associated with the tribal communities of Assam. It is played by holding the frame near the mouth and plucking the vibrating tongue, using the oral cavity as a resonance chamber to amplify and shape its soft, twangy sound. The Gogona is one of the few Assamese instruments traditionally played by young women during Rongali Bihu. Its unique playing technique make it one of the most culturally distinctive instruments of Assam."
gogona4.jpg,Gogona,In which festival is this instrument used?,"Used during Rongali or Bohag Bihu, the spring festival of Assam."
gogona4.jpg,Gogona,Where did this instrument originate?,Originated in the tribal communities of Assam.
gogona4.jpg,Gogona,What material is this instrument made of?,Made of bamboo.
gogona4.jpg,Gogona,What are the parts of this instrument?,"Main parts: frame, vibrating tongue, and plucking end."
gogona4.jpg,Gogona,What sound does this instrument produce?,"Produces a soft, twangy, vibrating sound."
gogona4.jpg,Gogona,Which gender usually plays this instrument?,Traditionally played by young women.
gogona4.jpg,Gogona,What is the interaction region of this instrument?,Played by plucking the vibrating tongue near the mouth.
gogona4.jpg,Gogona,What type of instrument is this?,A mouth-resonated plucked idiophone instrument.
gogona4.jpg,Gogona,"Give a detailed description of this instrument including its origin, cultural significance, and role in Assamese music?","The Gogona is a small mouth-resonated plucked idiophone traditionally made from bamboo and associated with the tribal communities of Assam. It is played by holding the frame near the mouth and plucking the vibrating tongue, using the oral cavity as a resonance chamber to amplify and shape its soft, twangy sound. The Gogona is one of the few Assamese instruments traditionally played by young women during Rongali Bihu. Its unique playing technique make it one of the most culturally distinctive instruments of Assam."
gogona5.jpg,Gogona,In which festival is this instrument used?,"Used during Rongali or Bohag Bihu, the spring festival of Assam."
gogona5.jpg,Gogona,Where did this instrument originate?,Originated in the tribal communities of Assam.
gogona5.jpg,Gogona,What material is this instrument made of?,Made of bamboo.
gogona5.jpg,Gogona,What are the parts of this instrument?,"Main parts: frame, vibrating tongue, and plucking end."
gogona5.jpg,Gogona,What sound does this instrument produce?,"Produces a soft, twangy, vibrating sound."
gogona5.jpg,Gogona,Which gender usually plays this instrument?,Traditionally played by young women.
gogona5.jpg,Gogona,What is the interaction region of this instrument?,Played by plucking the vibrating tongue near the mouth.
gogona5.jpg,Gogona,What type of instrument is this?,A mouth-resonated plucked idiophone instrument.
gogona5.jpg,Gogona,"Give a detailed description of this instrument including its origin, cultural significance, and role in Assamese music?","The Gogona is a small mouth-resonated plucked idiophone traditionally made from bamboo and associated with the tribal communities of Assam. It is played by holding the frame near the mouth and plucking the vibrating tongue, using the oral cavity as a resonance chamber to amplify and shape its soft, twangy sound. The Gogona is one of the few Assamese instruments traditionally played by young women during Rongali Bihu. Its unique playing technique make it one of the most culturally distinctive instruments of Assam."
gogona6.jpg,Gogona,In which festival is this instrument used?,"Used during Rongali or Bohag Bihu, the spring festival of Assam."
gogona6.jpg,Gogona,Where did this instrument originate?,Originated in the tribal communities of Assam.
gogona6.jpg,Gogona,What material is this instrument made of?,Made of bamboo.
gogona6.jpg,Gogona,What are the parts of this instrument?,"Main parts: frame, vibrating tongue, and plucking end."
gogona6.jpg,Gogona,What sound does this instrument produce?,"Produces a soft, twangy, vibrating sound."
gogona6.jpg,Gogona,Which gender usually plays this instrument?,Traditionally played by young women.
gogona6.jpg,Gogona,What is the interaction region of this instrument?,Played by plucking the vibrating tongue near the mouth.
gogona6.jpg,Gogona,What type of instrument is this?,A mouth-resonated plucked idiophone instrument.
gogona6.jpg,Gogona,"Give a detailed description of this instrument including its origin, cultural significance, and role in Assamese music?","The Gogona is a small mouth-resonated plucked idiophone traditionally made from bamboo and associated with the tribal communities of Assam. It is played by holding the frame near the mouth and plucking the vibrating tongue, using the oral cavity as a resonance chamber to amplify and shape its soft, twangy sound. The Gogona is one of the few Assamese instruments traditionally played by young women during Rongali Bihu. Its unique playing technique make it one of the most culturally distinctive instruments of Assam."
gogona7.jpg,Gogona,In which festival is this instrument used?,"Used during Rongali or Bohag Bihu, the spring festival of Assam."
gogona7.jpg,Gogona,Where did this instrument originate?,Originated in the tribal communities of Assam.
gogona7.jpg,Gogona,What material is this instrument made of?,Made of bamboo.
gogona7.jpg,Gogona,What are the parts of this instrument?,"Main parts: frame, vibrating tongue, and plucking end."
gogona7.jpg,Gogona,What sound does this instrument produce?,"Produces a soft, twangy, vibrating sound."
gogona7.jpg,Gogona,Which gender usually plays this instrument?,Traditionally played by young women.
gogona7.jpg,Gogona,What is the interaction region of this instrument?,Played by plucking the vibrating tongue near the mouth.
gogona7.jpg,Gogona,What type of instrument is this?,A mouth-resonated plucked idiophone instrument.
gogona7.jpg,Gogona,"Give a detailed description of this instrument including its origin, cultural significance, and role in Assamese music?","The Gogona is a small mouth-resonated plucked idiophone traditionally made from bamboo and associated with the tribal communities of Assam. It is played by holding the frame near the mouth and plucking the vibrating tongue, using the oral cavity as a resonance chamber to amplify and shape its soft, twangy sound. The Gogona is one of the few Assamese instruments traditionally played by young women during Rongali Bihu. Its unique playing technique make it one of the most culturally distinctive instruments of Assam."
gogona8.jpg,Gogona,In which festival is this instrument used?,"Used during Rongali or Bohag Bihu, the spring festival of Assam."
gogona8.jpg,Gogona,Where did this instrument originate?,Originated in the tribal communities of Assam.
gogona8.jpg,Gogona,What material is this instrument made of?,Made of bamboo.
gogona8.jpg,Gogona,What are the parts of this instrument?,"Main parts: frame, vibrating tongue, and plucking end."
gogona8.jpg,Gogona,What sound does this instrument produce?,"Produces a soft, twangy, vibrating sound."
gogona8.jpg,Gogona,Which gender usually plays this instrument?,Traditionally played by young women.
gogona8.jpg,Gogona,What is the interaction region of this instrument?,Played by plucking the vibrating tongue near the mouth.
gogona8.jpg,Gogona,What type of instrument is this?,A mouth-resonated plucked idiophone instrument.
gogona8.jpg,Gogona,"Give a detailed description of this instrument including its origin, cultural significance, and role in Assamese music?","The Gogona is a small mouth-resonated plucked idiophone traditionally made from bamboo and associated with the tribal communities of Assam. It is played by holding the frame near the mouth and plucking the vibrating tongue, using the oral cavity as a resonance chamber to amplify and shape its soft, twangy sound. The Gogona is one of the few Assamese instruments traditionally played by young women during Rongali Bihu. Its unique playing technique make it one of the most culturally distinctive instruments of Assam."
toka2.jpg,Toka,In which festival is this instrument used?,"Used during Rongali or Bohag Bihu, the spring festival of Assam."
toka2.jpg,Toka,Where did this instrument originate?,Originated in the rural communities of Assam.
toka2.jpg,Toka,What material is this instrument made of?,Made of bamboo.
toka2.jpg,Toka,What are the parts of this instrument?,"Main parts: two bamboo pieces, hinged joint, and striking ends."
toka2.jpg,Toka,What sound does this instrument produce?,"Produces a sharp, dry clicking sound."
toka2.jpg,Toka,Which gender usually plays this instrument?,Traditionally played by both men and women.
toka2.jpg,Toka,What is the interaction region of this instrument?,Played by clapping the two bamboo pieces against each other.
toka2.jpg,Toka,What type of instrument is this?,A bamboo clapper percussion instrument.
toka2.jpg,Toka,"Give a detailed description of this instrument including its origin, cultural significance, and role in Assamese music?","The Toka is a traditional Assamese percussion instrument made entirely from bamboo, consisting of two pieces joined and clapped together rhythmically. Originating in the rural communities of Assam, it is a commonly used folk instrument used during Rongali Bihu celebrations. Its sharp, dry clicking sound provides rhythmic accompaniment that complements heavier instruments like the Dhol. Toka is played by both men and women, making it an inclusive instrument in Assamese folk music."
toka3.jpg,Toka,In which festival is this instrument used?,"Used during Rongali or Bohag Bihu, the spring festival of Assam."
toka3.jpg,Toka,Where did this instrument originate?,Originated in the rural communities of Assam.
toka3.jpg,Toka,What material is this instrument made of?,Made of bamboo.
toka3.jpg,Toka,What are the parts of this instrument?,"Main parts: two bamboo pieces, hinged joint, and striking ends."
toka3.jpg,Toka,What sound does this instrument produce?,"Produces a sharp, dry clicking sound."
toka3.jpg,Toka,Which gender usually plays this instrument?,Traditionally played by both men and women.
toka3.jpg,Toka,What is the interaction region of this instrument?,Played by clapping the two bamboo pieces against each other.
toka3.jpg,Toka,What type of instrument is this?,A bamboo clapper percussion instrument.
toka3.jpg,Toka,"Give a detailed description of this instrument including its origin, cultural significance, and role in Assamese music?","The Toka is a traditional Assamese percussion instrument made entirely from bamboo, consisting of two pieces joined and clapped together rhythmically. Originating in the rural communities of Assam, it is a commonly used folk instrument used during Rongali Bihu celebrations. Its sharp, dry clicking sound provides rhythmic accompaniment that complements heavier instruments like the Dhol. Toka is played by both men and women, making it an inclusive instrument in Assamese folk music."
toka4.jpg,Toka,In which festival is this instrument used?,"Used during Rongali or Bohag Bihu, the spring festival of Assam."
toka4.jpg,Toka,Where did this instrument originate?,Originated in the rural communities of Assam.
toka4.jpg,Toka,What material is this instrument made of?,Made of bamboo.
toka4.jpg,Toka,What are the parts of this instrument?,"Main parts: two bamboo pieces, hinged joint, and striking ends."
toka4.jpg,Toka,What sound does this instrument produce?,"Produces a sharp, dry clicking sound."
toka4.jpg,Toka,Which gender usually plays this instrument?,Traditionally played by both men and women.
toka4.jpg,Toka,What is the interaction region of this instrument?,Played by clapping the two bamboo pieces against each other.
toka4.jpg,Toka,What type of instrument is this?,A bamboo clapper percussion instrument.
toka4.jpg,Toka,"Give a detailed description of this instrument including its origin, cultural significance, and role in Assamese music?","The Toka is a traditional Assamese percussion instrument made entirely from bamboo, consisting of two pieces joined and clapped together rhythmically. Originating in the rural communities of Assam, it is a commonly used folk instrument used during Rongali Bihu celebrations. Its sharp, dry clicking sound provides rhythmic accompaniment that complements heavier instruments like the Dhol. Toka is played by both men and women, making it an inclusive instrument in Assamese folk music."
toka5.jpg,Toka,In which festival is this instrument used?,"Used during Rongali or Bohag Bihu, the spring festival of Assam."
toka5.jpg,Toka,Where did this instrument originate?,Originated in the rural communities of Assam.
toka5.jpg,Toka,What material is this instrument made of?,Made of bamboo.
toka5.jpg,Toka,What are the parts of this instrument?,"Main parts: two bamboo pieces, hinged joint, and striking ends."
toka5.jpg,Toka,What sound does this instrument produce?,"Produces a sharp, dry clicking sound."
toka5.jpg,Toka,Which gender usually plays this instrument?,Traditionally played by both men and women.
toka5.jpg,Toka,What is the interaction region of this instrument?,Played by clapping the two bamboo pieces against each other.
toka5.jpg,Toka,What type of instrument is this?,A bamboo clapper percussion instrument.
toka5.jpg,Toka,"Give a detailed description of this instrument including its origin, cultural significance, and role in Assamese music?","The Toka is a traditional Assamese percussion instrument made entirely from bamboo, consisting of two pieces joined and clapped together rhythmically. Originating in the rural communities of Assam, it is a commonly used folk instrument used during Rongali Bihu celebrations. Its sharp, dry clicking sound provides rhythmic accompaniment that complements heavier instruments like the Dhol. Toka is played by both men and women, making it an inclusive instrument in Assamese folk music."
toka6.jpg,Toka,In which festival is this instrument used?,"Used during Rongali or Bohag Bihu, the spring festival of Assam."
toka6.jpg,Toka,Where did this instrument originate?,Originated in the rural communities of Assam.
toka6.jpg,Toka,What material is this instrument made of?,Made of bamboo.
toka6.jpg,Toka,What are the parts of this instrument?,"Main parts: two bamboo pieces, hinged joint, and striking ends."
toka6.jpg,Toka,What sound does this instrument produce?,"Produces a sharp, dry clicking sound."
toka6.jpg,Toka,Which gender usually plays this instrument?,Traditionally played by both men and women.
toka6.jpg,Toka,What is the interaction region of this instrument?,Played by clapping the two bamboo pieces against each other.
toka6.jpg,Toka,What type of instrument is this?,A bamboo clapper percussion instrument.
toka6.jpg,Toka,"Give a detailed description of this instrument including its origin, cultural significance, and role in Assamese music?","The Toka is a traditional Assamese percussion instrument made entirely from bamboo, consisting of two pieces joined and clapped together rhythmically. Originating in the rural communities of Assam, it is a commonly used folk instrument used during Rongali Bihu celebrations. Its sharp, dry clicking sound provides rhythmic accompaniment that complements heavier instruments like the Dhol. Toka is played by both men and women, making it an inclusive instrument in Assamese folk music."
toka7.jpg,Toka,In which festival is this instrument used?,"Used during Rongali or Bohag Bihu, the spring festival of Assam."
toka7.jpg,Toka,Where did this instrument originate?,Originated in the rural communities of Assam.
toka7.jpg,Toka,What material is this instrument made of?,Made of bamboo.
toka7.jpg,Toka,What are the parts of this instrument?,"Main parts: two bamboo pieces, hinged joint, and striking ends."
toka7.jpg,Toka,What sound does this instrument produce?,"Produces a sharp, dry clicking sound."
toka7.jpg,Toka,Which gender usually plays this instrument?,Traditionally played by both men and women.
toka7.jpg,Toka,What is the interaction region of this instrument?,Played by clapping the two bamboo pieces against each other.
toka7.jpg,Toka,What type of instrument is this?,A bamboo clapper percussion instrument.
toka7.jpg,Toka,"Give a detailed description of this instrument including its origin, cultural significance, and role in Assamese music?","The Toka is a traditional Assamese percussion instrument made entirely from bamboo, consisting of two pieces joined and clapped together rhythmically. Originating in the rural communities of Assam, it is a commonly used folk instrument used during Rongali Bihu celebrations. Its sharp, dry clicking sound provides rhythmic accompaniment that complements heavier instruments like the Dhol. Toka is played by both men and women, making it an inclusive instrument in Assamese folk music."
toka8.jpg,Toka,In which festival is this instrument used?,"Used during Rongali or Bohag Bihu, the spring festival of Assam."
toka8.jpg,Toka,Where did this instrument originate?,Originated in the rural communities of Assam.
toka8.jpg,Toka,What material is this instrument made of?,Made of bamboo.
toka8.jpg,Toka,What are the parts of this instrument?,"Main parts: two bamboo pieces, hinged joint, and striking ends."
toka8.jpg,Toka,What sound does this instrument produce?,"Produces a sharp, dry clicking sound."
toka8.jpg,Toka,Which gender usually plays this instrument?,Traditionally played by both men and women.
toka8.jpg,Toka,What is the interaction region of this instrument?,Played by clapping the two bamboo pieces against each other.
toka8.jpg,Toka,What type of instrument is this?,A bamboo clapper percussion instrument.
toka8.jpg,Toka,"Give a detailed description of this instrument including its origin, cultural significance, and role in Assamese music?","The Toka is a traditional Assamese percussion instrument made entirely from bamboo, consisting of two pieces joined and clapped together rhythmically. Originating in the rural communities of Assam, it is a commonly used folk instrument used during Rongali Bihu celebrations. Its sharp, dry clicking sound provides rhythmic accompaniment that complements heavier instruments like the Dhol. Toka is played by both men and women, making it an inclusive instrument in Assamese folk music."
khutitaal2.jpg,Khutitaal,In which festival is this instrument used?,"Used during Rongali or Bohag Bihu, the spring festival of Assam."
khutitaal2.jpg,Khutitaal,Where did this instrument originate?,Originated in the Brahmaputra valley of Assam.
khutitaal2.jpg,Khutitaal,What material is this instrument made of?,Made of bell metal (brass alloy).
khutitaal2.jpg,Khutitaal,What are the parts of this instrument?,Main parts: two small cymbal discs and connecting cord.
khutitaal2.jpg,Khutitaal,What sound does this instrument produce?,"Produces a bright, high-pitched ringing sound."
khutitaal2.jpg,Khutitaal,Which gender usually plays this instrument?,Traditionally played by both men and women.
khutitaal2.jpg,Khutitaal,What is the interaction region of this instrument?,Played by striking the two metal discs against each other.
khutitaal2.jpg,Khutitaal,What type of instrument is this?,A small paired metal cymbal percussion instrument.
khutitaal2.jpg,Khutitaal,"Give a detailed description of this instrument including its origin, cultural significance, and role in Assamese music?","The Khuti-Taal is a small paired cymbal instrument made of bell metal, a brass alloy traditionally crafted in the Brahmaputra valley of Assam. It consists of two small metal discs connected by a cord and struck together to produce a bright, high-pitched ringing sound that provides rhythmic accompaniment during Bihu performances. The Khuti-Taal is traditionally played by women and is commonly used alongside the Dhol and Pepa during Rongali Bihu performances. Its metallic timbre and compact size make it an important rhythm-keeping instrument in Assamese folk music."
khutitaal3.jpg,Khutitaal,In which festival is this instrument used?,"Used during Rongali or Bohag Bihu, the spring festival of Assam."
khutitaal3.jpg,Khutitaal,Where did this instrument originate?,Originated in the Brahmaputra valley of Assam.
khutitaal3.jpg,Khutitaal,What material is this instrument made of?,Made of bell metal (brass alloy).
khutitaal3.jpg,Khutitaal,What are the parts of this instrument?,Main parts: two small cymbal discs and connecting cord.
khutitaal3.jpg,Khutitaal,What sound does this instrument produce?,"Produces a bright, high-pitched ringing sound."
khutitaal3.jpg,Khutitaal,Which gender usually plays this instrument?,Traditionally played by both men and women.
khutitaal3.jpg,Khutitaal,What is the interaction region of this instrument?,Played by striking the two metal discs against each other.
khutitaal3.jpg,Khutitaal,What type of instrument is this?,A small paired metal cymbal percussion instrument.
khutitaal3.jpg,Khutitaal,"Give a detailed description of this instrument including its origin, cultural significance, and role in Assamese music?","The Khuti-Taal is a small paired cymbal instrument made of bell metal, a brass alloy traditionally crafted in the Brahmaputra valley of Assam. It consists of two small metal discs connected by a cord and struck together to produce a bright, high-pitched ringing sound that provides rhythmic accompaniment during Bihu performances. The Khuti-Taal is traditionally played by women and is commonly used alongside the Dhol and Pepa during Rongali Bihu performances. Its metallic timbre and compact size make it an important rhythm-keeping instrument in Assamese folk music."
khutitaal4.jpg,Khutitaal,In which festival is this instrument used?,"Used during Rongali or Bohag Bihu, the spring festival of Assam."
khutitaal4.jpg,Khutitaal,Where did this instrument originate?,Originated in the Brahmaputra valley of Assam.
khutitaal4.jpg,Khutitaal,What material is this instrument made of?,Made of bell metal (brass alloy).
khutitaal4.jpg,Khutitaal,What are the parts of this instrument?,Main parts: two small cymbal discs and connecting cord.
khutitaal4.jpg,Khutitaal,What sound does this instrument produce?,"Produces a bright, high-pitched ringing sound."
khutitaal4.jpg,Khutitaal,Which gender usually plays this instrument?,Traditionally played by both men and women.
khutitaal4.jpg,Khutitaal,What is the interaction region of this instrument?,Played by striking the two metal discs against each other.
khutitaal4.jpg,Khutitaal,What type of instrument is this?,A small paired metal cymbal percussion instrument.
khutitaal4.jpg,Khutitaal,"Give a detailed description of this instrument including its origin, cultural significance, and role in Assamese music?","The Khuti-Taal is a small paired cymbal instrument made of bell metal, a brass alloy traditionally crafted in the Brahmaputra valley of Assam. It consists of two small metal discs connected by a cord and struck together to produce a bright, high-pitched ringing sound that provides rhythmic accompaniment during Bihu performances. The Khuti-Taal is traditionally played by women and is commonly used alongside the Dhol and Pepa during Rongali Bihu performances. Its metallic timbre and compact size make it an important rhythm-keeping instrument in Assamese folk music."
khutitaal5.jpg,Khutitaal,In which festival is this instrument used?,"Used during Rongali or Bohag Bihu, the spring festival of Assam."
khutitaal5.jpg,Khutitaal,Where did this instrument originate?,Originated in the Brahmaputra valley of Assam.
khutitaal5.jpg,Khutitaal,What material is this instrument made of?,Made of bell metal (brass alloy).
khutitaal5.jpg,Khutitaal,What are the parts of this instrument?,Main parts: two small cymbal discs and connecting cord.
khutitaal5.jpg,Khutitaal,What sound does this instrument produce?,"Produces a bright, high-pitched ringing sound."
khutitaal5.jpg,Khutitaal,Which gender usually plays this instrument?,Traditionally played by both men and women.
khutitaal5.jpg,Khutitaal,What is the interaction region of this instrument?,Played by striking the two metal discs against each other.
khutitaal5.jpg,Khutitaal,What type of instrument is this?,A small paired metal cymbal percussion instrument.
khutitaal5.jpg,Khutitaal,"Give a detailed description of this instrument including its origin, cultural significance, and role in Assamese music?","The Khuti-Taal is a small paired cymbal instrument made of bell metal, a brass alloy traditionally crafted in the Brahmaputra valley of Assam. It consists of two small metal discs connected by a cord and struck together to produce a bright, high-pitched ringing sound that provides rhythmic accompaniment during Bihu performances. The Khuti-Taal is traditionally played by women and is commonly used alongside the Dhol and Pepa during Rongali Bihu performances. Its metallic timbre and compact size make it an important rhythm-keeping instrument in Assamese folk music."
khutitaal6.jpg,Khutitaal,In which festival is this instrument used?,"Used during Rongali or Bohag Bihu, the spring festival of Assam."
khutitaal6.jpg,Khutitaal,Where did this instrument originate?,Originated in the Brahmaputra valley of Assam.
khutitaal6.jpg,Khutitaal,What material is this instrument made of?,Made of bell metal (brass alloy).
khutitaal6.jpg,Khutitaal,What are the parts of this instrument?,Main parts: two small cymbal discs and connecting cord.
khutitaal6.jpg,Khutitaal,What sound does this instrument produce?,"Produces a bright, high-pitched ringing sound."
khutitaal6.jpg,Khutitaal,Which gender usually plays this instrument?,Traditionally played by both men and women.
khutitaal6.jpg,Khutitaal,What is the interaction region of this instrument?,Played by striking the two metal discs against each other.
khutitaal6.jpg,Khutitaal,What type of instrument is this?,A small paired metal cymbal percussion instrument.
khutitaal6.jpg,Khutitaal,"Give a detailed description of this instrument including its origin, cultural significance, and role in Assamese music?","The Khuti-Taal is a small paired cymbal instrument made of bell metal, a brass alloy traditionally crafted in the Brahmaputra valley of Assam. It consists of two small metal discs connected by a cord and struck together to produce a bright, high-pitched ringing sound that provides rhythmic accompaniment during Bihu performances. The Khuti-Taal is traditionally played by women and is commonly used alongside the Dhol and Pepa during Rongali Bihu performances. Its metallic timbre and compact size make it an important rhythm-keeping instrument in Assamese folk music."
khutitaal7.jpg,Khutitaal,In which festival is this instrument used?,"Used during Rongali or Bohag Bihu, the spring festival of Assam."
khutitaal7.jpg,Khutitaal,Where did this instrument originate?,Originated in the Brahmaputra valley of Assam.
khutitaal7.jpg,Khutitaal,What material is this instrument made of?,Made of bell metal (brass alloy).
khutitaal7.jpg,Khutitaal,What are the parts of this instrument?,Main parts: two small cymbal discs and connecting cord.
khutitaal7.jpg,Khutitaal,What sound does this instrument produce?,"Produces a bright, high-pitched ringing sound."
khutitaal7.jpg,Khutitaal,Which gender usually plays this instrument?,Traditionally played by both men and women.
khutitaal7.jpg,Khutitaal,What is the interaction region of this instrument?,Played by striking the two metal discs against each other.
khutitaal7.jpg,Khutitaal,What type of instrument is this?,A small paired metal cymbal percussion instrument.
khutitaal7.jpg,Khutitaal,"Give a detailed description of this instrument including its origin, cultural significance, and role in Assamese music?","The Khuti-Taal is a small paired cymbal instrument made of bell metal, a brass alloy traditionally crafted in the Brahmaputra valley of Assam. It consists of two small metal discs connected by a cord and struck together to produce a bright, high-pitched ringing sound that provides rhythmic accompaniment during Bihu performances. The Khuti-Taal is traditionally played by women and is commonly used alongside the Dhol and Pepa during Rongali Bihu performances. Its metallic timbre and compact size make it an important rhythm-keeping instrument in Assamese folk music."
khutitaal8.jpg,Khutitaal,In which festival is this instrument used?,"Used during Rongali or Bohag Bihu, the spring festival of Assam."
khutitaal8.jpg,Khutitaal,Where did this instrument originate?,Originated in the Brahmaputra valley of Assam.
khutitaal8.jpg,Khutitaal,What material is this instrument made of?,Made of bell metal (brass alloy).
khutitaal8.jpg,Khutitaal,What are the parts of this instrument?,Main parts: two small cymbal discs and connecting cord.
khutitaal8.jpg,Khutitaal,What sound does this instrument produce?,"Produces a bright, high-pitched ringing sound."
khutitaal8.jpg,Khutitaal,Which gender usually plays this instrument?,Traditionally played by both men and women.
khutitaal8.jpg,Khutitaal,What is the interaction region of this instrument?,Played by striking the two metal discs against each other.
khutitaal8.jpg,Khutitaal,What type of instrument is this?,A small paired metal cymbal percussion instrument.
khutitaal8.jpg,Khutitaal,"Give a detailed description of this instrument including its origin, cultural significance, and role in Assamese music?","The Khuti-Taal is a small paired cymbal instrument made of bell metal, a brass alloy traditionally crafted in the Brahmaputra valley of Assam. It consists of two small metal discs connected by a cord and struck together to produce a bright, high-pitched ringing sound that provides rhythmic accompaniment during Bihu performances. The Khuti-Taal is traditionally played by women and is commonly used alongside the Dhol and Pepa during Rongali Bihu performances. Its metallic timbre and compact size make it an important rhythm-keeping instrument in Assamese folk music."
khutitaal9.jpg,Khutitaal,In which festival is this instrument used?,"Used during Rongali or Bohag Bihu, the spring festival of Assam."
khutitaal9.jpg,Khutitaal,Where did this instrument originate?,Originated in the Brahmaputra valley of Assam.
khutitaal9.jpg,Khutitaal,What material is this instrument made of?,Made of bell metal (brass alloy).
khutitaal9.jpg,Khutitaal,What are the parts of this instrument?,Main parts: two small cymbal discs and connecting cord.
khutitaal9.jpg,Khutitaal,What sound does this instrument produce?,"Produces a bright, high-pitched ringing sound."
khutitaal9.jpg,Khutitaal,Which gender usually plays this instrument?,Traditionally played by both men and women.
khutitaal9.jpg,Khutitaal,What is the interaction region of this instrument?,Played by striking the two metal discs against each other.
khutitaal9.jpg,Khutitaal,What type of instrument is this?,A small paired metal cymbal percussion instrument.
khutitaal9.jpg,Khutitaal,"Give a detailed description of this instrument including its origin, cultural significance, and role in Assamese music?","The Khuti-Taal is a small paired cymbal instrument made of bell metal, a brass alloy traditionally crafted in the Brahmaputra valley of Assam. It consists of two small metal discs connected by a cord and struck together to produce a bright, high-pitched ringing sound that provides rhythmic accompaniment during Bihu performances. The Khuti-Taal is traditionally played by women and is commonly used alongside the Dhol and Pepa during Rongali Bihu performances. Its metallic timbre and compact size make it an important rhythm-keeping instrument in Assamese folk music."
bahi2.jpg,Bahi,In which festival is this instrument used?,"Used during Rongali or Bohag Bihu, the spring festival of Assam."
bahi2.jpg,Bahi,Where did this instrument originate?,Originated in the rural communities of Assam.
bahi2.jpg,Bahi,What material is this instrument made of?,Made of bamboo.
bahi2.jpg,Bahi,What are the parts of this instrument?,"Main parts: bamboo tube body, blow hole, and finger holes."
bahi2.jpg,Bahi,What sound does this instrument produce?,"Produces a soft, melodic, flute-like sound."
bahi2.jpg,Bahi,Which gender usually plays this instrument?,Traditionally played by men.
bahi2.jpg,Bahi,What is the interaction region of this instrument?,Played by blowing air across the blow hole and covering finger holes.
bahi2.jpg,Bahi,What type of instrument is this?,A transverse bamboo flute instrument.
bahi2.jpg,Bahi,"Give a detailed description of this instrument including its origin, cultural significance, and role in Assamese music?","The Bahi is a traditional Assamese transverse flute made entirely from bamboo, played by blowing air across a side blow hole while controlling pitch through finger holes along the tube. Originating in the rural communities of Assam, it is one of the oldest melodic instruments in Assamese folk music and is prominently used during Rongali Bihu celebrations. Unlike the rhythm-keeping instruments of the Bihu ensemble, the Bahi carries the melodic layer with its soft, flute-like tone. It is traditionally played by men and is closely associated with pastoral and folk music traditions of Assam."
bahi3.jpg,Bahi,In which festival is this instrument used?,"Used during Rongali or Bohag Bihu, the spring festival of Assam."
bahi3.jpg,Bahi,Where did this instrument originate?,Originated in the rural communities of Assam.
bahi3.jpg,Bahi,What material is this instrument made of?,Made of bamboo.
bahi3.jpg,Bahi,What are the parts of this instrument?,"Main parts: bamboo tube body, blow hole, and finger holes."
bahi3.jpg,Bahi,What sound does this instrument produce?,"Produces a soft, melodic, flute-like sound."
bahi3.jpg,Bahi,Which gender usually plays this instrument?,Traditionally played by men.
bahi3.jpg,Bahi,What is the interaction region of this instrument?,Played by blowing air across the blow hole and covering finger holes.
bahi3.jpg,Bahi,What type of instrument is this?,A transverse bamboo flute instrument.
bahi3.jpg,Bahi,"Give a detailed description of this instrument including its origin, cultural significance, and role in Assamese music?","The Bahi is a traditional Assamese transverse flute made entirely from bamboo, played by blowing air across a side blow hole while controlling pitch through finger holes along the tube. Originating in the rural communities of Assam, it is one of the oldest melodic instruments in Assamese folk music and is prominently used during Rongali Bihu celebrations. Unlike the rhythm-keeping instruments of the Bihu ensemble, the Bahi carries the melodic layer with its soft, flute-like tone. It is traditionally played by men and is closely associated with pastoral and folk music traditions of Assam."
bahi4.jpg,Bahi,In which festival is this instrument used?,"Used during Rongali or Bohag Bihu, the spring festival of Assam."
bahi4.jpg,Bahi,Where did this instrument originate?,Originated in the rural communities of Assam.
bahi4.jpg,Bahi,What material is this instrument made of?,Made of bamboo.
bahi4.jpg,Bahi,What are the parts of this instrument?,"Main parts: bamboo tube body, blow hole, and finger holes."
bahi4.jpg,Bahi,What sound does this instrument produce?,"Produces a soft, melodic, flute-like sound."
bahi4.jpg,Bahi,Which gender usually plays this instrument?,Traditionally played by men.
bahi4.jpg,Bahi,What is the interaction region of this instrument?,Played by blowing air across the blow hole and covering finger holes.
bahi4.jpg,Bahi,What type of instrument is this?,A transverse bamboo flute instrument.
bahi4.jpg,Bahi,"Give a detailed description of this instrument including its origin, cultural significance, and role in Assamese music?","The Bahi is a traditional Assamese transverse flute made entirely from bamboo, played by blowing air across a side blow hole while controlling pitch through finger holes along the tube. Originating in the rural communities of Assam, it is one of the oldest melodic instruments in Assamese folk music and is prominently used during Rongali Bihu celebrations. Unlike the rhythm-keeping instruments of the Bihu ensemble, the Bahi carries the melodic layer with its soft, flute-like tone. It is traditionally played by men and is closely associated with pastoral and folk music traditions of Assam."
bahi5.jpg,Bahi,In which festival is this instrument used?,"Used during Rongali or Bohag Bihu, the spring festival of Assam."
bahi5.jpg,Bahi,Where did this instrument originate?,Originated in the rural communities of Assam.
bahi5.jpg,Bahi,What material is this instrument made of?,Made of bamboo.
bahi5.jpg,Bahi,What are the parts of this instrument?,"Main parts: bamboo tube body, blow hole, and finger holes."
bahi5.jpg,Bahi,What sound does this instrument produce?,"Produces a soft, melodic, flute-like sound."
bahi5.jpg,Bahi,Which gender usually plays this instrument?,Traditionally played by men.
bahi5.jpg,Bahi,What is the interaction region of this instrument?,Played by blowing air across the blow hole and covering finger holes.
bahi5.jpg,Bahi,What type of instrument is this?,A transverse bamboo flute instrument.
bahi5.jpg,Bahi,"Give a detailed description of this instrument including its origin, cultural significance, and role in Assamese music?","The Bahi is a traditional Assamese transverse flute made entirely from bamboo, played by blowing air across a side blow hole while controlling pitch through finger holes along the tube. Originating in the rural communities of Assam, it is one of the oldest melodic instruments in Assamese folk music and is prominently used during Rongali Bihu celebrations. Unlike the rhythm-keeping instruments of the Bihu ensemble, the Bahi carries the melodic layer with its soft, flute-like tone. It is traditionally played by men and is closely associated with pastoral and folk music traditions of Assam."
bahi6.jpg,Bahi,In which festival is this instrument used?,"Used during Rongali or Bohag Bihu, the spring festival of Assam."
bahi6.jpg,Bahi,Where did this instrument originate?,Originated in the rural communities of Assam.
bahi6.jpg,Bahi,What material is this instrument made of?,Made of bamboo.
bahi6.jpg,Bahi,What are the parts of this instrument?,"Main parts: bamboo tube body, blow hole, and finger holes."
bahi6.jpg,Bahi,What sound does this instrument produce?,"Produces a soft, melodic, flute-like sound."
bahi6.jpg,Bahi,Which gender usually plays this instrument?,Traditionally played by men.
bahi6.jpg,Bahi,What is the interaction region of this instrument?,Played by blowing air across the blow hole and covering finger holes.
bahi6.jpg,Bahi,What type of instrument is this?,A transverse bamboo flute instrument.
bahi6.jpg,Bahi,"Give a detailed description of this instrument including its origin, cultural significance, and role in Assamese music?","The Bahi is a traditional Assamese transverse flute made entirely from bamboo, played by blowing air across a side blow hole while controlling pitch through finger holes along the tube. Originating in the rural communities of Assam, it is one of the oldest melodic instruments in Assamese folk music and is prominently used during Rongali Bihu celebrations. Unlike the rhythm-keeping instruments of the Bihu ensemble, the Bahi carries the melodic layer with its soft, flute-like tone. It is traditionally played by men and is closely associated with pastoral and folk music traditions of Assam."
bahi7.jpg,Bahi,In which festival is this instrument used?,"Used during Rongali or Bohag Bihu, the spring festival of Assam."
bahi7.jpg,Bahi,Where did this instrument originate?,Originated in the rural communities of Assam.
bahi7.jpg,Bahi,What material is this instrument made of?,Made of bamboo.
bahi7.jpg,Bahi,What are the parts of this instrument?,"Main parts: bamboo tube body, blow hole, and finger holes."
bahi7.jpg,Bahi,What sound does this instrument produce?,"Produces a soft, melodic, flute-like sound."
bahi7.jpg,Bahi,Which gender usually plays this instrument?,Traditionally played by men.
bahi7.jpg,Bahi,What is the interaction region of this instrument?,Played by blowing air across the blow hole and covering finger holes.
bahi7.jpg,Bahi,What type of instrument is this?,A transverse bamboo flute instrument.
bahi7.jpg,Bahi,"Give a detailed description of this instrument including its origin, cultural significance, and role in Assamese music?","The Bahi is a traditional Assamese transverse flute made entirely from bamboo, played by blowing air across a side blow hole while controlling pitch through finger holes along the tube. Originating in the rural communities of Assam, it is one of the oldest melodic instruments in Assamese folk music and is prominently used during Rongali Bihu celebrations. Unlike the rhythm-keeping instruments of the Bihu ensemble, the Bahi carries the melodic layer with its soft, flute-like tone. It is traditionally played by men and is closely associated with pastoral and folk music traditions of Assam."
bahi8.jpg,Bahi,In which festival is this instrument used?,"Used during Rongali or Bohag Bihu, the spring festival of Assam."
bahi8.jpg,Bahi,Where did this instrument originate?,Originated in the rural communities of Assam.
bahi8.jpg,Bahi,What material is this instrument made of?,Made of bamboo.
bahi8.jpg,Bahi,What are the parts of this instrument?,"Main parts: bamboo tube body, blow hole, and finger holes."
bahi8.jpg,Bahi,What sound does this instrument produce?,"Produces a soft, melodic, flute-like sound."
bahi8.jpg,Bahi,Which gender usually plays this instrument?,Traditionally played by men.
bahi8.jpg,Bahi,What is the interaction region of this instrument?,Played by blowing air across the blow hole and covering finger holes.
bahi8.jpg,Bahi,What type of instrument is this?,A transverse bamboo flute instrument.
bahi8.jpg,Bahi,"Give a detailed description of this instrument including its origin, cultural significance, and role in Assamese music?","The Bahi is a traditional Assamese transverse flute made entirely from bamboo, played by blowing air across a side blow hole while controlling pitch through finger holes along the tube. Originating in the rural communities of Assam, it is one of the oldest melodic instruments in Assamese folk music and is prominently used during Rongali Bihu celebrations. Unlike the rhythm-keeping instruments of the Bihu ensemble, the Bahi carries the melodic layer with its soft, flute-like tone. It is traditionally played by men and is closely associated with pastoral and folk music traditions of Assam."
bahi9.jpg,Bahi,In which festival is this instrument used?,"Used during Rongali or Bohag Bihu, the spring festival of Assam."
bahi9.jpg,Bahi,Where did this instrument originate?,Originated in the rural communities of Assam.
bahi9.jpg,Bahi,What material is this instrument made of?,Made of bamboo.
bahi9.jpg,Bahi,What are the parts of this instrument?,"Main parts: bamboo tube body, blow hole, and finger holes."
bahi9.jpg,Bahi,What sound does this instrument produce?,"Produces a soft, melodic, flute-like sound."
bahi9.jpg,Bahi,Which gender usually plays this instrument?,Traditionally played by men.
bahi9.jpg,Bahi,What is the interaction region of this instrument?,Played by blowing air across the blow hole and covering finger holes.
bahi9.jpg,Bahi,What type of instrument is this?,A transverse bamboo flute instrument.
bahi9.jpg,Bahi,"Give a detailed description of this instrument including its origin, cultural significance, and role in Assamese music?","The Bahi is a traditional Assamese transverse flute made entirely from bamboo, played by blowing air across a side blow hole while controlling pitch through finger holes along the tube. Originating in the rural communities of Assam, it is one of the oldest melodic instruments in Assamese folk music and is prominently used during Rongali Bihu celebrations. Unlike the rhythm-keeping instruments of the Bihu ensemble, the Bahi carries the melodic layer with its soft, flute-like tone. It is traditionally played by men and is closely associated with pastoral and folk music traditions of Assam."
bahi10.jpg,Bahi,In which festival is this instrument used?,"Used during Rongali or Bohag Bihu, the spring festival of Assam."
bahi10.jpg,Bahi,Where did this instrument originate?,Originated in the rural communities of Assam.
bahi10.jpg,Bahi,What material is this instrument made of?,Made of bamboo.
bahi10.jpg,Bahi,What are the parts of this instrument?,"Main parts: bamboo tube body, blow hole, and finger holes."
bahi10.jpg,Bahi,What sound does this instrument produce?,"Produces a soft, melodic, flute-like sound."
bahi10.jpg,Bahi,Which gender usually plays this instrument?,Traditionally played by men.
bahi10.jpg,Bahi,What is the interaction region of this instrument?,Played by blowing air across the blow hole and covering finger holes.
bahi10.jpg,Bahi,What type of instrument is this?,A transverse bamboo flute instrument.
bahi10.jpg,Bahi,"Give a detailed description of this instrument including its origin, cultural significance, and role in Assamese music?","The Bahi is a traditional Assamese transverse flute made entirely from bamboo, played by blowing air across a side blow hole while controlling pitch through finger holes along the tube. Originating in the rural communities of Assam, it is one of the oldest melodic instruments in Assamese folk music and is prominently used during Rongali Bihu celebrations. Unlike the rhythm-keeping instruments of the Bihu ensemble, the Bahi carries the melodic layer with its soft, flute-like tone. It is traditionally played by men and is closely associated with pastoral and folk music traditions of Assam."
xutuli2.jpg,Xutuli,In which festival is this instrument used?,"Used during Rongali or Bohag Bihu, the spring festival of Assam."
xutuli2.jpg,Xutuli,Where did this instrument originate?,Originated in the rural communities of Assam.
xutuli2.jpg,Xutuli,What material is this instrument made of?,Made of bamboo or baked clay.
xutuli2.jpg,Xutuli,What are the parts of this instrument?,"Main parts: hollow body, blow end, and finger holes."
xutuli2.jpg,Xutuli,What sound does this instrument produce?,"Produces a high-pitched, sharp whistling sound."
xutuli2.jpg,Xutuli,Which gender usually plays this instrument?,Traditionally played by both men and women.
xutuli2.jpg,Xutuli,What is the interaction region of this instrument?,Played by blowing air into the blow end and covering finger holes.
xutuli2.jpg,Xutuli,What type of instrument is this?,A small conical end-blown wind instrument.
xutuli2.jpg,Xutuli,"Give a detailed description of this instrument including its origin, cultural significance, and role in Assamese music?","The Xutuli is a small conical end-blown wind instrument traditionally made from bamboo or clay in the rural communities of Assam. It is played by blowing air directly into one end, producing a distinctly high-pitched, sharp whistling tone. It is an important traditional wind instrument in Assamese folk music. Its compact size and traditional use make it popular during Bihu celebrations.."
xutuli3.jpg,Xutuli,In which festival is this instrument used?,"Used during Rongali or Bohag Bihu, the spring festival of Assam."
xutuli3.jpg,Xutuli,Where did this instrument originate?,Originated in the rural communities of Assam.
xutuli3.jpg,Xutuli,What material is this instrument made of?,Made of bamboo or baked clay.
xutuli3.jpg,Xutuli,What are the parts of this instrument?,"Main parts: hollow body, blow end, and finger holes."
xutuli3.jpg,Xutuli,What sound does this instrument produce?,"Produces a high-pitched, sharp whistling sound."
xutuli3.jpg,Xutuli,Which gender usually plays this instrument?,Traditionally played by both men and women.
xutuli3.jpg,Xutuli,What is the interaction region of this instrument?,Played by blowing air into the blow end and covering finger holes.
xutuli3.jpg,Xutuli,What type of instrument is this?,A small conical end-blown wind instrument.
xutuli3.jpg,Xutuli,"Give a detailed description of this instrument including its origin, cultural significance, and role in Assamese music?","The Xutuli is a small conical end-blown wind instrument traditionally made from bamboo or clay in the rural communities of Assam. It is played by blowing air directly into one end, producing a distinctly high-pitched, sharp whistling tone. It is an important traditional wind instrument in Assamese folk music. Its compact size and traditional use make it popular during Bihu celebrations.."
xutuli4.jpg,Xutuli,In which festival is this instrument used?,"Used during Rongali or Bohag Bihu, the spring festival of Assam."
xutuli4.jpg,Xutuli,Where did this instrument originate?,Originated in the rural communities of Assam.
xutuli4.jpg,Xutuli,What material is this instrument made of?,Made of bamboo or baked clay.
xutuli4.jpg,Xutuli,What are the parts of this instrument?,"Main parts: hollow body, blow end, and finger holes."
xutuli4.jpg,Xutuli,What sound does this instrument produce?,"Produces a high-pitched, sharp whistling sound."
xutuli4.jpg,Xutuli,Which gender usually plays this instrument?,Traditionally played by both men and women.
xutuli4.jpg,Xutuli,What is the interaction region of this instrument?,Played by blowing air into the blow end and covering finger holes.
xutuli4.jpg,Xutuli,What type of instrument is this?,A small conical end-blown wind instrument.
xutuli4.jpg,Xutuli,"Give a detailed description of this instrument including its origin, cultural significance, and role in Assamese music?","The Xutuli is a small conical end-blown wind instrument traditionally made from bamboo or clay in the rural communities of Assam. It is played by blowing air directly into one end, producing a distinctly high-pitched, sharp whistling tone. It is an important traditional wind instrument in Assamese folk music. Its compact size and traditional use make it popular during Bihu celebrations.."
xutuli5.jpg,Xutuli,In which festival is this instrument used?,"Used during Rongali or Bohag Bihu, the spring festival of Assam."
xutuli5.jpg,Xutuli,Where did this instrument originate?,Originated in the rural communities of Assam.
xutuli5.jpg,Xutuli,What material is this instrument made of?,Made of bamboo or baked clay.
xutuli5.jpg,Xutuli,What are the parts of this instrument?,"Main parts: hollow body, blow end, and finger holes."
xutuli5.jpg,Xutuli,What sound does this instrument produce?,"Produces a high-pitched, sharp whistling sound."
xutuli5.jpg,Xutuli,Which gender usually plays this instrument?,Traditionally played by both men and women.
xutuli5.jpg,Xutuli,What is the interaction region of this instrument?,Played by blowing air into the blow end and covering finger holes.
xutuli5.jpg,Xutuli,What type of instrument is this?,A small conical end-blown wind instrument.
xutuli5.jpg,Xutuli,"Give a detailed description of this instrument including its origin, cultural significance, and role in Assamese music?","The Xutuli is a small conical end-blown wind instrument traditionally made from bamboo or clay in the rural communities of Assam. It is played by blowing air directly into one end, producing a distinctly high-pitched, sharp whistling tone. It is an important traditional wind instrument in Assamese folk music. Its compact size and traditional use make it popular during Bihu celebrations.."
xutuli6.jpg,Xutuli,In which festival is this instrument used?,"Used during Rongali or Bohag Bihu, the spring festival of Assam."
xutuli6.jpg,Xutuli,Where did this instrument originate?,Originated in the rural communities of Assam.
xutuli6.jpg,Xutuli,What material is this instrument made of?,Made of bamboo or baked clay.
xutuli6.jpg,Xutuli,What are the parts of this instrument?,"Main parts: hollow body, blow end, and finger holes."
xutuli6.jpg,Xutuli,What sound does this instrument produce?,"Produces a high-pitched, sharp whistling sound."
xutuli6.jpg,Xutuli,Which gender usually plays this instrument?,Traditionally played by both men and women.
xutuli6.jpg,Xutuli,What is the interaction region of this instrument?,Played by blowing air into the blow end and covering finger holes.
xutuli6.jpg,Xutuli,What type of instrument is this?,A small conical end-blown wind instrument.
xutuli6.jpg,Xutuli,"Give a detailed description of this instrument including its origin, cultural significance, and role in Assamese music?","The Xutuli is a small conical end-blown wind instrument traditionally made from bamboo or clay in the rural communities of Assam. It is played by blowing air directly into one end, producing a distinctly high-pitched, sharp whistling tone. It is an important traditional wind instrument in Assamese folk music. Its compact size and traditional use make it popular during Bihu celebrations.."
xutuli7.jpg,Xutuli,In which festival is this instrument used?,"Used during Rongali or Bohag Bihu, the spring festival of Assam."
xutuli7.jpg,Xutuli,Where did this instrument originate?,Originated in the rural communities of Assam.
xutuli7.jpg,Xutuli,What material is this instrument made of?,Made of bamboo or baked clay.
xutuli7.jpg,Xutuli,What are the parts of this instrument?,"Main parts: hollow body, blow end, and finger holes."
xutuli7.jpg,Xutuli,What sound does this instrument produce?,"Produces a high-pitched, sharp whistling sound."
xutuli7.jpg,Xutuli,Which gender usually plays this instrument?,Traditionally played by both men and women.
xutuli7.jpg,Xutuli,What is the interaction region of this instrument?,Played by blowing air into the blow end and covering finger holes.
xutuli7.jpg,Xutuli,What type of instrument is this?,A small conical end-blown wind instrument.
xutuli7.jpg,Xutuli,"Give a detailed description of this instrument including its origin, cultural significance, and role in Assamese music?","The Xutuli is a small conical end-blown wind instrument traditionally made from bamboo or clay in the rural communities of Assam. It is played by blowing air directly into one end, producing a distinctly high-pitched, sharp whistling tone. It is an important traditional wind instrument in Assamese folk music. Its compact size and traditional use make it popular during Bihu celebrations.."
xutuli8.jpg,Xutuli,In which festival is this instrument used?,"Used during Rongali or Bohag Bihu, the spring festival of Assam."
xutuli8.jpg,Xutuli,Where did this instrument originate?,Originated in the rural communities of Assam.
xutuli8.jpg,Xutuli,What material is this instrument made of?,Made of bamboo or baked clay.
xutuli8.jpg,Xutuli,What are the parts of this instrument?,"Main parts: hollow body, blow end, and finger holes."
xutuli8.jpg,Xutuli,What sound does this instrument produce?,"Produces a high-pitched, sharp whistling sound."
xutuli8.jpg,Xutuli,Which gender usually plays this instrument?,Traditionally played by both men and women.
xutuli8.jpg,Xutuli,What is the interaction region of this instrument?,Played by blowing air into the blow end and covering finger holes.
xutuli8.jpg,Xutuli,What type of instrument is this?,A small conical end-blown wind instrument.
xutuli8.jpg,Xutuli,"Give a detailed description of this instrument including its origin, cultural significance, and role in Assamese music?","The Xutuli is a small conical end-blown wind instrument traditionally made from bamboo or clay in the rural communities of Assam. It is played by blowing air directly into one end, producing a distinctly high-pitched, sharp whistling tone. It is an important traditional wind instrument in Assamese folk music. Its compact size and traditional use make it popular during Bihu celebrations.."